28934740000114;7898330221614;0;0801025;2027-09-09;16.37420000
28934740000114;7898330221614;8;1070126;2027-12-10;16.37420000
28934740000114;7898330221638;12;1160226;2027-11-06;22.53580000
28934740000114;7898330222123;0;0631125;2027-10-24;9.85800000
28934740000114;7898330222123;69;0951225;2027-12-08;9.85800000
28934740000114;7898330222123;0;2400825;2027-07-17;9.85800000
28934740000114;7898330223069;7;0290126;2027-11-28;16.27790000
28934740000114;7898330223069;0;0501025;2027-08-05;16.27790000
28934740000114;7898330223069;0;1140825;2027-08-05;16.27790000
28934740000114;7898330223113;0;0221025;2027-08-28;21.33000000
28934740000114;7898330223113;0;0650925;2027-08-28;21.33000000
28934740000114;7898330223113;0;1161225;2027-11-20;21.33000000
28934740000114;7898330223113;32;1300326;2028-03-12;21.33000000
28934740000114;7898330223113;0;L0221025;2027-08-01;21.33000000
28934740000114;7898330226589;0;2100925;2027-04-25;18.93000000
28934740000114;7898330226589;13;2110925;2027-04-25;18.93000000
28934740000114;7898623350083;0;0083010425;2026-12-31;9.09000000
28934740000114;7898623350083;0;0083060325;2026-10-19;9.09000000
28934740000114;7898623350083;0;0083090924;2026-08-12;9.09000000
28934740000114;7898623350083;0;0083100624;2026-06-13;9.09000000
28934740000114;7898623350083;0;0083131124;2026-10-19;9.09000000
28934740000114;7898623350083;0;0083171024;2026-10-19;9.09000000
28934740000114;7898623350083;0;0083210524;2026-02-04;9.09000000
28934740000114;7898623350083;0;0083270125;2026-10-19;9.09000000
28934740000114;7898623350083;0;0083300924;2026-08-12;9.09000000
28934740000114;7898623350083;98;25110779;2027-09-18;9.09000000
28934740000114;7898623350083;241;25120957;2027-11-28;9.09000000
28934740000114;7898623350083;0;26020080;2027-11-28;9.09000000
28934740000114;7898623350274;0;0274040425;2026-09-01;4.59000000
28934740000114;7898623350274;0;0274070425;2026-09-29;4.59000000
28934740000114;7898623350274;0;0274071024;2026-03-31;4.59000000
28934740000114;7898623350274;0;0274110225;2026-08-05;4.59000000
28934740000114;7898623350274;0;0274140325;2026-09-05;4.59000000
28934740000114;7898623350274;0;0274240125;2026-07-18;4.59000000
28934740000114;7898623350274;0;0274270824;2026-02-18;4.59000000
28934740000114;7898623350274;0;25060049;2026-11-30;4.59000000
28934740000114;7898623350274;0;25060067;2026-12-31;4.59000000
28934740000114;7898623350274;0;25070263;2027-01-31;4.59000000
28934740000114;7898623350274;0;25070264;2027-01-22;4.59000000
28934740000114;7898623350274;0;25080357;2027-02-28;4.59000000
28934740000114;7898623350274;0;25080368;2027-02-13;4.59000000
28934740000114;7898623350274;0;25080378;2027-02-16;4.59000000
28934740000114;7898623350274;0;25080385;2027-02-28;4.59000000
28934740000114;7898623350274;0;25080387;2027-02-28;4.59000000
28934740000114;7898623350274;0;25080388;2027-02-28;4.59000000
28934740000114;7898623350274;0;25090536;2027-03-12;4.59000000
28934740000114;7898623350274;0;25090537;2027-03-31;4.59000000
28934740000114;7898623350274;0;25100654;2027-04-30;4.59000000
28934740000114;7898623350748;0;0748030325;2026-04-30;11.39000000
28934740000114;7898623350748;0;0748060824;2026-01-27;11.39000000
28934740000114;7898623350748;0;0748110325;2026-09-02;11.39000000
28934740000114;7898623350748;0;0748160824;2026-01-27;11.39000000
28934740000114;7898623350748;0;0748220824;2026-02-06;11.39000000
28934740000114;7898623350748;0;0748261124;2026-04-08;11.39000000
28934740000114;7898623350748;63;25090574;2027-03-13;11.39000000
28934740000114;7898623350748;419;26010007;2027-05-20;11.39000000
28934740000114;7898623351028;0;1028030425;2027-04-03;3.76000000
28934740000114;7898623351028;0;1028070425;2027-04-07;3.76000000
28934740000114;7898623351028;0;1028100424;2026-04-10;3.76000000
28934740000114;7898623351028;0;1028160724;2026-07-16;3.76000000
28934740000114;7898623351028;0;1028200525;2027-05-31;3.76000000
28934740000114;7898623351028;0;1028260224;2026-02-25;3.76000000
28934740000114;7898623351028;0;1028271224;2026-12-27;3.76000000
28934740000114;7898623351028;0;1028311024;2026-10-31;3.76000000
28934740000114;7898623351028;0;25090250;2027-09-25;3.76000000
28934740000114;7898623351028;181;25110368;2027-11-17;3.76000000
28934740000114;7898623351028;150;25120422;2027-12-04;3.76000000
28934740000114;7898623351134;0;1134080224;2026-02-07;6.99000000
28934740000114;7898623351134;0;1134240624;2026-06-24;6.99000000
28934740000114;7898623351387;0;1387030624;2026-05-08;13.69000000
28934740000114;7898623351387;0;1387071124;2026-10-24;13.69000000
28934740000114;7898623351387;0;1387120225;2027-01-06;13.69000000
28934740000114;7898623351387;0;1387150324;2026-03-08;13.69000000
28934740000114;7898623351387;0;1387151024;2026-10-07;13.69000000
28934740000114;7898623351387;0;1387180724;2026-06-05;13.69000000
28934740000114;7898623351387;0;1387260124;2026-01-17;13.69000000
28934740000114;7898623351387;0;1387270125;2026-10-24;13.69000000
28934740000114;7898623351387;0;25100679;2027-10-17;13.69000000
28934740000114;7898623351387;0;26020037;2027-11-28;13.69000000
28934740000114;7898623351387;16;26020040;2027-11-28;13.69000000
28934740000114;7898623351394;0;1394020824;2026-01-08;14.75000000
28934740000114;7898623351394;5;1394200225;2027-02-07;14.75000000
28934740000114;7898623352162;0;2162130125;2026-02-03;14.84000000
28934740000114;7898623352162;0;2162211124;2026-02-03;14.84000000
28934740000114;7898623352162;131;25110823;2027-05-05;14.84000000
28934740000114;7898623352483;0;2483180724;2026-01-02;10.89000000
28934740000114;7898623352575;0;25090565;2027-03-10;8.13000000
28934740000114;7898623352575;0;2575031224;2026-03-04;8.13000000
28934740000114;7898623352575;0;2575050324;2026-03-05;8.13000000
28934740000114;7898623352575;0;2575141024;2026-03-26;8.13000000
28934740000114;7898623352575;0;2575171024;2026-03-26;8.13000000
28934740000114;7898623352575;0;2575180324;2026-03-18;8.13000000
28934740000114;7898623352575;0;2575300724;2026-01-01;8.13000000
28934740000114;7898623353008;0;25050001;2027-05-31;7.94000000
28934740000114;7898623353008;0;25060030;2027-06-30;7.94000000
28934740000114;7898623353008;52;25110370;2027-11-18;7.94000000
28934740000114;7898623353008;0;3008140425;2027-04-14;7.94000000
28934740000114;7898623353008;0;3008160724;2026-07-16;7.94000000
28934740000114;7898623353008;0;3008240125;2027-01-24;7.94000000
28934740000114;7898623353008;0;3008260724;2026-07-16;7.94000000
28934740000114;7898623353008;0;3008280524;2026-05-28;7.94000000
28934740000114;7898623353657;177;25060100;2027-03-19;11.86000000
28934740000114;7898623353657;0;3657070624;2026-03-09;11.86000000
28934740000114;7898623353657;0;3657290824;2026-05-31;11.86000000
28934740000114;7898623353657;0;3657300724;2026-05-01;11.86000000
28934740000114;7898623353701;0;25090502;2027-05-08;11.39000000
28934740000114;7898623353701;0;26020075;2027-10-18;11.39000000
28934740000114;7898623353701;0;3701050325;2026-10-26;11.39000000
28934740000114;7898623353701;0;370130072;2026-03-22;11.39000000
28934740000114;7898623353701;0;3701300724;2026-03-22;11.39000000
28934740000114;7898623354067;0;25070177;2027-01-31;28.64000000
28934740000114;7898623354067;0;25090582;2027-04-02;28.64000000
28934740000114;7898623354067;0;25090588;2027-04-30;28.64000000
28934740000114;7898623354067;0;25110799;2027-05-18;28.64000000
28934740000114;7898623354067;4;25110805;2027-05-18;28.64000000
28934740000114;7898623354067;0;4067060125;2026-07-10;28.64000000
28934740000114;7898623354067;0;4067140125;2026-07-18;28.64000000
28934740000114;7898623354067;0;4067221024;2026-04-25;28.64000000
28934740000114;7898623354074;0;25060059;2026-12-31;28.64000000
28934740000114;7898623354074;0;25090443;2027-03-06;28.64000000
28934740000114;7898623354074;24;25110830;2027-05-20;28.64000000
28934740000114;7898623354074;45;25110836;2027-05-20;28.64000000
28934740000114;7898623354074;0;4074050225;2026-08-07;28.64000000
28934740000114;7898623354074;0;4074290424;2026-04-29;28.64000000
28934740000114;7898623354074;0;4074310325;2026-09-30;28.64000000
28934740000114;7898623354081;0;25070181;2027-01-31;28.64000000
28934740000114;7898623354081;112;25110838;2027-05-23;28.64000000
28934740000114;7898623354081;0;4081060225;2026-08-10;28.64000000
28934740000114;7898623354081;0;4081170125;2026-07-21;28.64000000
28934740000114;7898623354371;0;25080282;2027-01-21;11.11000000
28934740000114;7898623354371;48;25110863;2027-04-28;11.11000000
28934740000114;7898623354371;0;4371051124;2026-04-14;11.11000000
28934740000114;7898623354371;0;4371180325;2026-04-14;11.11000000
28934740000114;7898623354371;0;4371220824;2026-01-31;11.11000000
28934740000114;7898623354388;0;25090605;2027-02-20;7.94000000
28934740000114;7898623354388;0;25120919;2027-05-31;7.94000000
28934740000114;7898623354388;0;4388020425;2026-04-21;7.94000000
28934740000114;7898623354388;0;4388140325;2026-04-21;7.94000000
28934740000114;7898623354487;0;25060152;2027-01-31;6.21000000
28934740000114;7898623354487;0;25100657;2027-04-23;6.21000000
28934740000114;7898623354487;0;4487181024;2026-04-21;6.21000000
28934740000114;7898623354487;0;4487270824;2026-02-28;6.21000000
28934740000114;7898623354586;0;25060058;2027-06-30;4.46000000
28934740000114;7898623354586;0;4586060624;2026-06-06;4.46000000
28934740000114;7898623354586;0;4586070324;2026-03-07;4.46000000
28934740000114;7898623354739;0;25050015;2026-11-30;14.84000000
28934740000114;7898623354739;72;25100636;2027-04-30;14.84000000
28934740000114;7898623354739;176;25110763;2027-05-12;14.84000000
28934740000114;7898623354739;0;4739021024;2026-04-02;14.84000000
28934740000114;7898623354739;0;4739041224;2026-06-04;14.84000000
28934740000114;7898623354739;0;4739051124;2026-05-06;14.84000000
28934740000114;7898623354739;0;4739090824;2026-02-07;14.84000000
28934740000114;7898623354739;0;4739200125;2026-07-21;14.84000000
28934740000114;7898623354739;0;4739250425;2026-10-31;14.84000000
28934740000114;7898623354739;0;4739260824;2026-02-24;14.84000000
28934740000114;7898623354739;0;4739290125;2026-07-30;14.84000000
28934740000114;7898623354944;0;25050007;2026-11-30;14.84000000
28934740000114;7898623354944;0;25090486;2027-08-22;14.84000000
28934740000114;7898623354944;100;25110892;2027-10-26;14.84000000
28934740000114;7898623354944;0;4944111224;2026-10-04;14.84000000
28934740000114;7898623354944;0;4944121224;2026-11-02;14.84000000
28934740000114;7898623354944;0;4944200624;2026-05-05;14.84000000
28934740000114;7898623354944;0;4944210524;2026-05-05;14.84000000
28934740000114;7898623354944;0;4944231024;2026-10-04;14.84000000
28934740000114;7898623354944;0;4944290824;2026-08-02;14.84000000
28934740000114;7898623355057;142;25100297;2027-10-16;3.42000000
28934740000114;7898623355057;171;25110375;2027-11-19;3.42000000
28934740000114;7898623355057;0;5057070125;2027-01-07;3.42000000
28934740000114;7898623355057;0;5057080224;2026-02-07;3.42000000
28934740000114;7898623355057;0;5057091024;2026-10-09;3.42000000
28934740000114;7898623355057;0;5057160724;2026-07-16;3.42000000
28934740000114;7898623355057;0;5057230524;2026-05-23;3.42000000
28934740000114;7898623355057;0;5057300125;2027-01-30;3.42000000
28934740000114;7898623355064;0;25080164;2027-08-18;5.50000000
28934740000114;7898623355064;173;25100331;2027-10-30;5.50000000
28934740000114;7898623355064;0;5064050724;2026-07-05;5.50000000
28934740000114;7898623355064;0;5064060624;2026-06-06;5.50000000
28934740000114;7898623355064;0;5064150425;2027-04-15;5.50000000
28934740000114;7898623355064;0;5064211124;2026-11-21;5.50000000
28934740000114;7898623355187;5;25080380;2027-08-25;34.39000000
28934740000114;7898623355187;0;5187080224;2026-02-07;34.39000000
28934740000114;7898623355187;0;5187240624;2026-06-24;34.39000000
28934740000114;7898623355187;0;5187310125;2027-01-31;34.39000000
28934740000114;7898623355309;121;25090235;2027-09-18;5.64000000
28934740000114;7898623355309;0;5309061124;2026-11-06;5.64000000
28934740000114;7898623355309;0;5309070824;2026-08-07;5.64000000
28934740000114;7898623355309;0;5309090924;2026-09-09;5.64000000
28934740000114;7898623355309;0;5309240924;2026-09-24;5.64000000
28934740000114;7898623355309;0;5309300125;2027-01-30;5.64000000
28934740000114;7898623355637;0;5637190824;2026-02-20;31.33000000
28934740000114;7898623355729;0;5729070324;2026-03-07;4.64000000
28934740000114;7898623355729;6;5729070425;2027-04-30;4.64000000
28934740000114;7898623355729;0;5729091224;2026-12-09;4.64000000
28934740000114;7898623355729;0;5729140624;2026-06-14;4.64000000
28934740000114;7898623356252;0;25060024;2027-06-03;12.54000000
28934740000114;7898623356252;0;6252110325;2027-03-11;12.54000000
28934740000114;7898623356252;0;6252150425;2027-04-30;12.54000000
28934740000114;7898623356252;0;6252270325;2027-03-27;12.54000000
28934740000114;7898623356252;0;6252280325;2027-03-31;12.54000000
28934740000114;7898623356252;0;6252301024;2026-10-30;12.54000000
28934740000114;7898623356269;287;25090220;2027-09-10;5.64000000
28934740000114;7898623356344;0;25090252;2027-09-25;6.08000000
28934740000114;7898623356344;0;6344020125;2027-01-02;6.08000000
28934740000114;7898623356344;0;6344100125;2027-01-31;6.08000000
28934740000114;7898623356344;0;6344190224;2026-02-18;6.08000000
28934740000114;7898623356344;0;6344190724;2026-07-19;6.08000000
28934740000114;7898623356344;0;6344220824;2026-08-22;6.08000000
28934740000114;7898623356344;0;6344230924;2026-09-23;6.08000000
28934740000114;7898623356504;0;6504040924;2026-03-08;45.31000000
28934740000114;7898623356689;75;25100332;2027-10-30;10.50000000
28934740000114;7898623356917;162;25060068;2026-12-31;10.24000000
28934740000114;7898623356917;0;25110813;2027-05-15;10.24000000
28934740000114;7898623356917;0;6917090924;2026-03-10;10.24000000
28934740000114;7898623356917;0;6917280425;2026-10-27;10.24000000
28934740000114;7898623356917;0;6917310724;2026-01-29;10.24000000
28934740000114;7898623356948;0;25110899;2027-11-28;12.54000000
28934740000114;7898623356948;0;6948150724;2026-07-15;12.54000000
28934740000114;7898623356948;0;6948270324;2026-03-27;12.54000000
28934740000114;7898623356955;0;6955120724;2026-07-12;11.63000000
28934740000114;7898623356955;0;6955140225;2027-02-14;11.63000000
28934740000114;7898623356955;0;6955180424;2026-04-18;11.63000000
28934740000114;7898623356955;0;6955281124;2026-11-28;11.63000000
28934740000114;7898623356955;0;6955291124;2026-11-29;11.63000000
28934740000114;7898623357006;0;25100305;2027-10-21;12.54000000
28934740000114;7898623357006;0;25120414;2027-12-03;12.54000000
28934740000114;7898623357006;0;7006040624;2026-06-04;12.54000000
28934740000114;7898623357006;0;7006120724;2026-07-12;12.54000000
28934740000114;7898623357006;0;7006170125;2027-01-17;12.54000000
28934740000114;7898623357006;0;7006200125;2027-01-20;12.54000000
28934740000114;7898623357006;0;7006220125;2027-01-22;12.54000000
28934740000114;7898623357006;0;7006220224;2026-02-21;12.54000000
28934740000114;7898623357013;0;25060065;2027-06-24;8.17000000
28934740000114;7898623357013;7;26010022;2028-01-09;8.17000000
28934740000114;7898623357013;0;7013110724;2026-07-11;8.17000000
28934740000114;7898623357013;0;7013130824;2026-08-13;8.17000000
28934740000114;7898623357013;0;7013190124;2026-01-18;8.17000000
28934740000114;7898623357013;0;7013241024;2026-10-24;8.17000000
28934740000114;7898623357020;0;25100268;2027-10-06;2.99000000
28934740000114;7898623357020;0;26010026;2028-01-13;2.99000000
28934740000114;7898623357020;0;7020031224;2026-12-03;2.99000000
28934740000114;7898623357020;0;7020060624;2026-06-06;2.99000000
28934740000114;7898623357020;0;7020090224;2026-02-08;2.99000000
28934740000114;7898623357020;0;7020100724;2026-07-10;2.99000000
28934740000114;7898623357020;0;7020150425;2027-04-15;2.99000000
28934740000114;7898623357020;0;7020260824;2026-08-26;2.99000000
28934740000114;7898623357020;0;7020270125;2027-01-28;2.99000000
28934740000114;7898623357020;0;7020270425;2027-01-28;2.99000000
28934740000114;7898623357099;0;2024;2026-05-01;14.84000000
28934740000114;7898623357099;0;25050021;2026-11-30;14.84000000
28934740000114;7898623357099;0;25090519;2027-03-17;14.84000000
28934740000114;7898623357099;146;25110881;2027-05-27;14.84000000
28934740000114;7898623357099;0;7099020824;2026-01-01;14.84000000
28934740000114;7898623357099;0;7099021024;2026-04-01;14.84000000
28934740000114;7898623357099;0;7099040624;2026-06-20;14.84000000
28934740000114;7898623357099;0;7099041124;2026-05-05;14.84000000
28934740000114;7898623357099;0;7099070125;2026-04-30;14.84000000
28934740000114;7898623357099;0;7099130924;2026-03-01;14.84000000
28934740000114;7898623357099;0;7099170125;2026-07-18;14.84000000
28934740000114;7898623357099;0;7099201224;2026-06-20;14.84000000
28934740000114;7898623357099;0;7099281024;2026-04-28;14.84000000
28934740000114;7898623357099;0;7099300724;2026-01-28;14.84000000
28934740000114;7898623357105;0;2024;2026-05-01;12.54000000
28934740000114;7898623357105;0;25110789;2027-05-14;12.54000000
28934740000114;7898623357105;0;7099130924;2026-03-01;12.54000000
28934740000114;7898623357105;0;7105050824;2026-02-01;12.54000000
28934740000114;7898623357105;0;7105160525;2026-11-30;12.54000000
28934740000114;7898623357105;0;7105170924;2026-03-18;12.54000000
28934740000114;7898623357105;0;7105180924;2026-03-19;12.54000000
28934740000114;7898623357426;0;7426020824;2026-01-31;10.27000000
28934740000114;7898623357426;0;7426250924;2026-03-26;10.27000000
28934740000114;7898623357426;0;7426270924;2026-03-28;10.27000000
28934740000114;7898623357426;0;7426300824;2026-02-28;10.27000000
28934740000114;7898623357464;0;25060074;2027-06-30;11.39000000
28934740000114;7898623357464;0;25060077;2027-06-27;11.39000000
28934740000114;7898623357464;0;7464050624;2026-06-05;11.39000000
28934740000114;7898623357464;0;7464070324;2026-03-07;11.39000000
28934740000114;7898623357464;0;7464150824;2026-08-15;11.39000000
28934740000114;7898623357464;0;7464230524;2026-05-23;11.39000000
28934740000114;7898623357464;0;7464240425;2027-04-30;11.39000000
28934740000114;7898623357464;0;7464250225;2027-02-25;11.39000000
28934740000114;7898623357464;0;7464270125;2027-01-27;11.39000000
28934740000114;7898623357471;0;7471030325;2027-03-03;11.39000000
28934740000114;7898623357471;0;7471050324;2026-03-05;11.39000000
28934740000114;7898623357471;0;7471071224;2026-12-07;11.39000000
28934740000114;7898623357471;0;7471220324;2026-03-22;11.39000000
28934740000114;7898623357471;0;7471240524;2026-05-24;11.39000000
28934740000114;7898623357556;0;25080303;2027-08-15;10.24000000
28934740000114;7898623357556;0;25080361;2027-08-21;10.24000000
28934740000114;7898623357556;0;25080362;2027-08-21;10.24000000
28934740000114;7898623357556;0;25110878;2027-11-26;10.24000000
28934740000114;7898623357556;0;25110910;2027-11-28;10.24000000
28934740000114;7898623357556;0;25120913;2027-12-01;10.24000000
28934740000114;7898623357556;677;25120914;2027-12-01;10.24000000
28934740000114;7898623357556;2280;26020054;2028-02-19;10.24000000
28934740000114;7898623357556;0;7556011024;2026-10-01;10.24000000
28934740000114;7898623357556;0;7556020425;2027-04-30;10.24000000
28934740000114;7898623357556;0;7556140224;2026-02-13;10.24000000
28934740000114;7898623357556;0;7556170125;2027-01-17;10.24000000
28934740000114;7898623357556;0;7556200125;2027-01-20;10.24000000
28934740000114;7898623357556;0;7556200524;2026-05-20;10.24000000
28934740000114;7898623357556;0;7556241024;2026-10-24;10.24000000
28934740000114;7898623357556;0;7556280824;2026-08-28;10.24000000
28934740000114;7898623357556;0;7556310325;2027-03-31;10.24000000
28934740000114;7898623357563;0;25050029;2027-05-31;5.64000000
28934740000114;7898623357563;0;25070159;2027-07-31;5.64000000
28934740000114;7898623357563;0;25070160;2027-07-31;5.64000000
28934740000114;7898623357563;0;25070234;2027-07-25;5.64000000
28934740000114;7898623357563;0;25070235;2027-07-25;5.64000000
28934740000114;7898623357563;0;25090545;2027-09-22;5.64000000
28934740000114;7898623357563;0;25090546;2027-09-22;5.64000000
28934740000114;7898623357563;0;25110809;2027-11-14;5.64000000
28934740000114;7898623357563;0;25110811;2027-11-14;5.64000000
28934740000114;7898623357563;0;26010016;2028-01-29;5.64000000
28934740000114;7898623357563;0;26010017;2028-01-30;5.64000000
28934740000114;7898623357563;0;26010018;2028-01-30;5.64000000
28934740000114;7898623357563;0;26020026;2028-02-09;5.64000000
28934740000114;7898623357563;2440;26020029;2028-02-10;5.64000000
28934740000114;7898623357563;1732;26020031;2028-02-10;5.64000000
28934740000114;7898623357563;0;7563011124;2026-11-01;5.64000000
28934740000114;7898623357563;0;7563020425;2027-04-02;5.64000000
28934740000114;7898623357563;0;7563020525;2027-05-02;5.64000000
28934740000114;7898623357563;0;7563021224;2026-12-02;5.64000000
28934740000114;7898623357563;0;7563030524;2026-05-03;5.64000000
28934740000114;7898623357563;0;7563041024;2026-10-04;5.64000000
28934740000114;7898623357563;0;7563041224;2026-12-04;5.64000000
28934740000114;7898623357563;0;7563060924;2026-09-06;5.64000000
28934740000114;7898623357563;0;7563110624;2026-06-11;5.64000000
28934740000114;7898623357563;0;7563120325;2027-03-12;5.64000000
28934740000114;7898623357563;0;7563170425;2027-04-17;5.64000000
28934740000114;7898623357563;0;7563270624;2026-06-27;5.64000000
28934740000114;7898623357563;0;7563280425;2027-04-17;5.64000000
28934740000114;7898623357563;0;7563280824;2026-08-28;5.64000000
28934740000114;7898623357990;0;7990010424;2026-04-01;5.43000000
28934740000114;7898623358034;0;25100674;2027-04-28;7.25000000
28934740000114;7898623358034;0;25100675;2027-04-30;7.25000000
28934740000114;7898623358034;0;25110694;2027-05-04;7.25000000
28934740000114;7898623358034;0;8034080525;2026-11-30;7.25000000
28934740000114;7898623358034;0;8034110724;2026-01-09;7.25000000
28934740000114;7898623358034;0;8034130325;2026-09-10;7.25000000
28934740000114;7898623358034;0;8034130824;2026-02-11;7.25000000
28934740000114;7898623358034;0;8034140824;2026-02-12;7.25000000
28934740000114;7898623358034;0;8034250325;2026-09-30;7.25000000
28934740000114;7898623358034;0;8034281024;2026-04-28;7.25000000
28934740000114;7898623358164;0;8164061124;2026-11-06;10.06000000
28934740000114;7898623358164;0;8164120724;2026-07-12;10.06000000
28934740000114;7898623358164;0;8164190124;2026-01-18;10.06000000
28934740000114;7898623358164;0;8164260325;2027-03-26;10.06000000
28934740000114;7898623358164;0;8164260924;2026-09-26;10.06000000
28934740000114;7898623358164;0;8164280425;2027-04-28;10.06000000
28934740000114;7898623358164;0;8164280524;2026-05-28;10.06000000
28934740000114;7898623358584;0;8584010324;2026-03-01;14.84000000
28934740000114;7898623358584;0;8584030325;2027-03-03;14.84000000
28934740000114;7898623358584;0;8584050624;2026-06-05;14.84000000
28934740000114;7898623358584;0;8584100624;2026-06-10;14.84000000
28934740000114;7898623358584;0;8584170125;2027-01-17;14.84000000
28934740000114;7898623358584;0;8584200125;2027-01-20;14.84000000
28934740000114;7898623359031;0;9031101224;2026-06-10;43.51000000
28934740000114;7898623359031;0;9031231024;2026-04-23;43.51000000
28934740000114;7898623359031;0;9031240924;2026-03-25;43.51000000
28934740000114;7898623359109;0;20243;2026-05-01;6.69000000
28934740000114;7898623359109;0;9109080524;2028-05-08;6.69000000
28934740000114;7898623359116;0;2024;2027-01-01;6.69000000
28934740000114;7898623359116;0;20241;2026-05-01;6.69000000
28934740000114;7898623359260;0;2024;2027-01-01;6.69000000
28934740000114;7898623359260;0;9260060224;2026-02-01;6.69000000
28934740000114;7898623359406;0;26020034;2027-08-13;6.44000000
28934740000114;7898623359406;0;9406170225;2026-08-18;6.44000000
28934740000114;7898623359413;0;26010015;2027-07-30;6.44000000
28934740000114;7898623359413;0;9413231024;2026-04-23;6.44000000
28934740000114;7898623359420;0;25090539;2027-03-20;9.43000000
28934740000114;7898623359420;26;26020025;2027-08-10;9.43000000
28934740000114;7898623359420;0;26030132;2027-09-14;9.43000000
28934740000114;7898623359420;0;9420280125;2026-07-29;9.43000000
28934740000114;7898623359437;0;25090610;2027-03-31;9.43000000
28934740000114;7898623359437;90;25110786;2027-05-13;9.43000000
28934740000114;7898623359437;48;25110870;2027-05-25;9.43000000
28934740000114;7898623359437;0;9437250924;2026-03-31;9.43000000
28934740000114;7898623359437;0;9437280125;2026-07-29;9.43000000
28934740000114;7898623359567;0;25050012;2026-09-30;19.13000000
28934740000114;7898623359567;42;9567130225;2026-07-25;19.13000000
28934740000114;7898623359567;0;9567250325;2026-09-04;19.13000000
28934740000114;7898623359567;0;9567281124;2026-03-04;19.13000000
28934740000114;7898623359642;0;2024;2027-01-01;4.91000000
28934740000114;7898623359642;0;25070153;2026-12-31;4.91000000
28934740000114;7898623359642;0;25070154;2026-12-31;4.91000000
28934740000114;7898623359642;0;25070268;2027-01-31;4.91000000
28934740000114;7898623359642;0;25100655;2027-04-30;4.91000000
28934740000114;7898623359642;0;25110854;2027-05-20;4.91000000
28934740000114;7898623359642;0;9642100225;2026-08-11;4.91000000
28934740000114;7898623359642;0;9642150425;2026-10-31;4.91000000
28934740000114;7898623359642;0;9642180724;2026-02-01;4.91000000
28934740000114;7898623359642;0;9642210325;2026-09-19;4.91000000
28934740000114;7898623359642;0;9642261224;2026-06-26;4.91000000
28934740000114;7898623359673;0;2024;2027-01-01;3.91000000
28934740000114;7898623359673;0;25080328;2027-02-17;3.91000000
28934740000114;7898623359673;0;9673020924;2026-10-01;3.91000000
28934740000114;7898623359673;0;9673050824;2026-02-28;3.91000000
28934740000114;7898623359673;0;9673060525;2026-09-30;3.91000000
28934740000114;7898623359673;0;9673061224;2026-06-06;3.91000000
28934740000114;7898623359673;0;9673090425;2026-10-31;3.91000000
28934740000114;7898623359673;0;9673120824;2026-02-10;3.91000000
28934740000114;7898623359673;0;9673121124;2026-05-13;3.91000000
28934740000114;7898623359673;0;9673180325;2026-09-18;3.91000000
28934740000114;7898623359673;0;9673250225;2026-08-26;3.91000000
28934740000114;7898623359673;0;9673250325;2026-09-23;3.91000000
28934740000114;7898714760159;5;0450825;2027-07-17;28.54210000
28934740000114;7898714760180;1480;0510326;2028-02-25;10.77000000
28934740000114;7898714760180;0;0760126;2028-01-05;10.77000000
28934740000114;7898714760180;0;0841125;2027-11-05;10.77000000
28934740000114;7898714760180;0;1420925;2027-09-01;10.77000000
28934740000114;7898714760180;0;2470825;2027-08-21;10.77000000
28934740000114;7898714760197;1049;0250126;2027-12-22;12.90000000
28934740000114;7898714760197;0;1511125;2027-11-03;12.90000000
28934740000114;7898714760197;0;2480825;2027-08-21;12.90000000
28934740000114;7898714760197;0;2801025;2027-10-20;12.90000000
28934740000114;7898714760425;13;0261125;2027-10-23;9.12000000
28934740000114;7898714760425;108;0750326;2028-02-10;9.12000000
28934740000114;7898714760425;12;3051025;2027-10-23;9.12000000
28934740000114;7898714760449;0;0101025;2027-08-11;9.96000000
28934740000114;7898714760449;0;0111125;2027-08-11;9.96000000
28934740000114;7898714760449;0;0290226;2028-01-14;9.96000000
28934740000114;7898714760449;0;0441225;2027-11-26;9.96000000
28934740000114;7898714760463;17;1851125;2027-11-05;25.52250000
28934740000114;7898714760463;60;2140126;2028-01-12;25.52250000
28934740000114;7898714760463;0;2370825;2027-08-18;25.52250000
28934740000114;7898714760494;0;1161025;2027-05-08;9.02400000
28934740000114;7898714760494;30;2210126;2028-01-23;9.02400000
28934740000114;7898714760579;50;0430326;2028-01-05;11.17200000
28934740000114;7898714760579;0;0621025;2027-09-01;11.17200000
28934740000114;7898714760678;3;1970825;2027-07-16;23.63000000
28934740000114;7898714760678;24;2580326;2028-03-26;23.63000000
28934740000114;7898714760692;94;0550226;2028-02-02;19.99000000
28934740000114;7898714760692;0;2360825;2027-08-19;19.99000000
28934740000114;7898714760784;24;0350126;2027-11-28;11.55580000
28934740000114;7898714760784;11;0511025;2027-08-05;11.55580000
28934740000114;7898714760791;0;0270126;2027-12-01;18.14000000
28934740000114;7898714760791;0;0930825;2027-08-05;18.14000000
28934740000114;7898714760791;1;1940825;2027-06-02;18.14000000
28934740000114;7898714760975;0;0300925;2027-07-11;16.29610000
28934740000114;7898714760975;6;2061125;2027-10-23;16.29610000
28934740000114;7898714760999;0;0471225;2027-12-01;14.57000000
28934740000114;7898714760999;0;0810126;2027-12-15;14.57000000
28934740000114;7898714760999;0;1771025;2027-10-10;14.57000000
28934740000114;7898714760999;0;2200925;2027-09-02;14.57000000
28934740000114;7898714761033;0;1950925;2027-08-04;13.55000000
28934740000114;7898714761033;0;2161125;2027-09-04;13.55000000
28934740000114;7898714761088;0;0400925;2027-08-29;9.73200000
28934740000114;7898714761088;86;1850226;2027-11-26;9.73200000
28934740000114;7898714761347;0;0051025;2027-10-01;9.61000000
28934740000114;7898714761347;107;1011125;2027-11-13;9.61000000
28934740000114;7898714761361;0;1010226;2028-02-09;14.56000000
28934740000114;7898714761361;0;123466;2027-01-01;14.56000000
28934740000114;7898714761361;0;1391125;2027-01-01;14.56000000
28934740000114;7898714761361;0;2120925;2027-09-19;14.56000000
28934740000114;7898714761453;0;0220326;2028-01-05;9.04210000
28934740000114;7898714761453;0;0850925;2027-09-01;9.04210000
28934740000114;7898714761453;0;1470126;2027-12-17;9.04210000
28934740000114;7898714761453;0;1861125;2027-10-17;9.04210000
28934740000114;7898714761453;0;2331125;2027-10-17;9.04210000
28934740000114;7898714761477;0;0880226;2028-02-06;15.27000000
28934740000114;7898714761477;0;1000326;2028-02-06;15.27000000
28934740000114;7898714761477;0;1371225;2027-10-23;15.27000000
28934740000114;7898714761477;0;2901025;2027-10-23;15.27000000
28934740000114;7898714761491;60;0060326;2027-11-12;14.25000000
28934740000114;7898714761491;0;0591225;2027-11-12;14.25000000
28934740000114;7898714761491;0;0920825;2027-08-07;14.25000000
28934740000114;7898714761491;127;1910126;2027-11-12;14.25000000
28934740000114;7898714761491;0;2401125;2027-11-12;14.25000000
28934740000114;7898714761491;0;2651025;2027-08-07;14.25000000
28934740000114;7898714761507;0;1050825;2027-08-05;9.12000000
28934740000114;7898714761507;136;1600326;2028-02-06;9.12000000
28934740000114;7898714761507;0;1960825;2027-08-18;9.12000000
28934740000114;7898714761521;0;1191025;2027-10-01;16.24000000
28934740000114;7898714761521;19;1770126;2027-12-02;16.24000000
28934740000114;7898714761606;0;2040825;2027-08-14;12.75000000
28934740000114;7898714761606;0;2191025;2027-10-03;12.75000000
28934740000114;7898714761644;0;0120925;2027-08-18;8.57000000
28934740000114;7898714761644;0;0691025;2027-08-18;8.57000000
28934740000114;7898714761644;48;1120326;2027-10-22;8.57000000
28934740000114;7898714761644;0;1481125;2027-11-06;8.57000000
28934740000114;7898714761644;0;2551025;2027-10-22;8.57000000
28934740000114;7898714761699;30;0901225;2027-11-26;8.48000000
28934740000114;7898714761699;0;1940925;2027-09-02;8.48000000
28934740000114;7898714761699;0;3121025;2027-10-02;8.48000000
28934740000114;7898714761712;60;0520126;2027-12-02;16.98600000
28934740000114;7898714761712;10;1291025;2027-10-01;16.98600000
28934740000114;7898714761729;12;1100126;2027-10-28;9.85830000
28934740000114;7898714761743;57;0730126;2027-10-17;9.61250000
28934740000114;7898714761743;12;1661125;2027-10-17;9.61250000
28934740000114;7898714761743;0;1911025;2027-07-16;9.61250000
28934740000114;7898714761750;0;0031025;2027-09-18;7.18800000
28934740000114;7898714761750;0;1331125;2027-10-17;7.18800000
28934740000114;7898714761750;59;2090126;2028-01-22;7.18800000
28934740000114;7898714761767;0;0150825;2027-03-06;6.90000000
28934740000114;7898714761767;0;0250825;2027-03-06;6.90000000
28934740000114;7898714761767;135;1330126;2026-10-14;6.90000000
28934740000114;7898714761767;0;2941025;2027-04-22;6.90000000
28934740000114;7898714761804;40;0840126;2028-01-08;6.69600000
28934740000114;7898714761804;0;1240925;2027-09-01;6.69600000
28934740000114;7898714761804;0;1400825;2027-08-04;6.69600000
28934740000114;7898714761804;72;1600126;2028-01-08;6.69600000
28934740000114;7898714761811;0;0050925;2027-08-04;6.69600000
28934740000114;7898714761811;0;0220925;2027-08-04;6.69600000
28934740000114;7898714761811;62;0921225;2027-10-15;6.69600000
28934740000114;7898714761811;0;1241125;2027-10-15;6.69600000
28934740000114;7898714761842;0;0220725;2027-05-07;6.69600000
28934740000114;7898714761842;31;0241125;2027-10-23;6.69600000
28934740000114;7898714761842;120;0610226;2027-10-23;6.69600000
28934740000114;7898714761842;0;2050925;2027-09-08;6.69600000
28934740000114;7898714761842;0;2131125;2027-10-23;6.69600000
28934740000114;7898714761859;0;0090325;2027-02-28;6.53400000
28934740000114;7898714761859;63;2991025;2027-10-13;6.53400000
28934740000114;7898714761880;0;0060925;2027-04-01;6.70000000
28934740000114;7898714761880;108;0371225;2027-05-08;6.70000000
28934740000114;7898714761880;12;0691225;2027-05-08;6.70000000
28934740000114;7898714761880;45;2751025;2027-05-08;6.70000000
28934740000114;7898714761927;24;1110226;2028-02-09;15.57580000
28934740000114;7898714761941;12;1650126;2027-11-12;16.29580000
28934740000114;7898714762047;0;0570925;2027-08-14;19.38000000
28934740000114;7898714762047;0;2550825;2027-08-15;19.38000000
28934740000114;7898714762047;78;2781025;2027-09-18;19.38000000
28934740000114;7898714762054;0;1270825;2027-08-08;13.89950000
28934740000114;7898714762054;71;2410825;2027-08-18;13.89950000
28934740000114;7898714762221;0;0041025;2027-09-29;19.37400000
28934740000114;7898714762221;60;0780126;2027-12-01;19.37400000
28934740000114;7898714762221;6;0790126;2027-12-01;19.37400000
28934740000114;7898714762238;24;0850226;2027-12-18;25.52420000
28934740000114;7898714762238;0;1050925;2027-08-20;25.52420000
28934740000114;7898714762238;53;2761025;2027-09-29;25.52420000
28934740000114;7898714762252;12;0331225;2027-11-12;32.59170000
28934740000114;7898714762443;0;0150925;2027-08-01;16.29580000
28934740000114;7898714762443;10;0350226;2027-12-03;16.29580000
28934740000114;7898714762443;0;1471025;2027-08-15;16.29580000
28934740000114;7898714762467;58;0650126;2028-01-07;13.62000000
28934740000114;7898714762467;0;2530625;2027-06-01;13.62000000
28934740000114;7898714762474;0;0140825;2027-05-15;19.44610000
28934740000114;7898714762474;28;0961225;2027-10-27;19.44610000
28934740000114;7898714762474;0;1231125;2027-10-27;19.44610000
28934740000114;7898714762603;4;1371025;2027-10-08;21.49000000
28934740000114;7898714762689;0;1150226;2028-02-11;10.45000000
28934740000114;7898714762689;0;1170825;2027-08-04;10.45000000
28934740000114;7898714762689;172;1280326;2028-03-10;10.45000000
28934740000114;7898714762702;12;0140326;2028-02-02;19.90170000
28934740000114;7898714762719;0;0580226;2027-09-18;19.90200000
28934740000114;7898714762719;26;1650226;2028-01-14;19.90200000
28934740000114;7898714762719;0;1671025;2027-10-06;19.90200000
28934740000114;7898714762726;0;0301225;2027-11-20;19.90000000
28934740000114;7898714762726;0;1280226;2028-02-03;19.90000000
28934740000114;7898714762726;25;1310326;2028-02-19;19.90000000
28934740000114;7898714762726;0;1361125;2027-11-05;19.90000000
28934740000114;7898714762726;0;2070925;2027-09-17;19.90000000
28934740000114;7898714762740;0;0180226;2028-01-22;19.90200000
28934740000114;7898714762740;0;1060226;2028-01-27;19.90200000
28934740000114;7898714762740;0;1301025;2027-09-18;19.90200000
28934740000114;7898714762740;96;1460326;2028-01-22;19.90200000
28934740000114;7898714762757;48;0210426;2028-03-19;19.90210000
28934740000114;7898714762757;12;0320426;2028-03-19;19.90210000
28934740000114;7898714762757;0;2521025;2027-10-10;19.90210000
28934740000114;7898714762757;0;2541025;2027-10-10;19.90210000
28934740000114;7898714762764;12;1881125;2027-10-30;19.90170000
28934740000114;7898714762771;0;0340924;2026-09-10;22.44580000
28934740000114;7898714762771;12;0961125;2027-10-02;22.44580000
28934740000114;7898714762900;12;1050226;2027-12-04;19.90170000
28934740000114;7898714762986;24;0920326;2027-12-08;6.69580000
28934740000114;7898714762993;24;2171125;2027-11-05;6.69580000
28934740000114;7898714763006;11;0160925;2027-08-11;6.69600000
28934740000114;7898714763006;0;0170925;2027-08-11;6.69600000
28934740000114;7898714763006;168;1180126;2027-12-08;6.69600000
28934740000114;7898714763006;0;1580825;2027-08-11;6.69600000
28934740000114;7898714763013;189;0980226;2027-12-01;6.69600000
28934740000114;7898714763013;0;1031025;2027-09-29;6.69600000
28934740000114;7898714763013;0;1260725;2027-07-03;6.69600000
28934740000114;7898714763013;0;7898714763013;2027-09-01;6.69600000
28934740000114;7898714763075;47;1971025;2027-10-20;29.90000000
28934740000114;7898714763082;11;0761025;2027-10-03;30.64830000
28934740000114;7898714763082;0;1470925;2027-09-18;30.64830000
28934740000114;7898714763099;4;1951025;2027-10-20;29.90000000
28934740000114;7898714763150;24;1610925;2027-09-10;6.70000000
28934740000114;7898714763419;19;0360126;2027-12-16;27.95420000
28934740000114;7898714763419;0;0931025;2027-09-24;27.95420000
28934740000114;7898714763419;0;1140925;2027-07-17;27.95420000
28934740000114;7898714763419;24;1730126;2028-01-14;27.95420000
28934740000114;7898714763457;0;1551025;2027-10-02;7.89990000
28934740000114;7898714763457;457;1631125;2027-11-03;7.89990000
28934740000114;7898714763495;0;0861224;2026-10-10;9.90000000
28934740000114;7898714763730;0;0620925;2027-08-20;29.89790000
28934740000114;7898714763853;7;0340326;2028-02-04;11.17000000
28934740000114;7898714763853;0;1161125;2027-11-03;11.17000000
28934740000114;7898714763853;0;1390226;2028-02-04;11.17000000
28934740000114;7898714763853;0;1431225;2027-11-01;11.17000000
28934740000114;7898714763853;0;1690725;2027-06-27;11.17000000
28934740000114;7898714763853;0;1990825;2027-08-22;11.17000000
28934740000114;7898714763853;0;2010825;2027-08-22;11.17000000
28934740000114;7898714763945;0;1100925;2027-09-11;24.90000000
28934740000114;7898714763945;0;1560925;2027-09-19;24.90000000
28934740000114;7898714763945;125;1710925;2027-09-22;24.90000000
28934740000114;7898714764034;25;2241025;2027-10-13;23.90000000
28934740000114;7898714764409;0;0030326;2028-03-02;19.90000000
28934740000114;7898714764423;11;K1440226;2027-12-03;477.60000000
28934740000114;7898714764447;7;K1480226;2028-01-22;497.50000000
28934740000114;7898751690006;0;2024;2028-06-01;10.13150000
28934740000114;7898751690006;0;20240;2026-04-01;10.13150000
28934740000114;7898751690006;0;EPCA022401;2029-04-25;10.13150000
28934740000114;7898751690006;0;NWA011403;2029-01-01;10.13150000
28934740000114;7898751690006;0;NWAB012403;2029-01-01;10.13150000
28934740000114;7898751690006;0;NWAB01240B;2029-01-01;10.13150000
28934740000114;7898751690006;330;NWAB022003;2031-03-01;10.13150000
28934740000114;7898751690013;0;BWAB12404;2029-01-16;13.43660000
28934740000114;7898751690013;0;NWAB012404;2029-01-01;13.43660000
28934740000114;7898751690013;0;WABO12404;2030-01-04;13.43660000
28934740000114;7898751690037;0;022401;2032-03-01;15.84400000
28934740000114;7898751690037;0;2024;2026-04-01;15.84400000
28934740000114;7898751690037;0;EPCA022401;2030-02-01;15.84400000
28934740000114;7898751690037;262;EPCA042502;2030-04-01;15.84400000
28934740000114;7898751690044;0;022402;2032-03-01;15.84400000
28934740000114;7898751690044;0;2024;2027-04-01;15.84400000
28934740000114;7898751690044;0;EPCA022402;2030-02-01;15.84400000
28934740000114;7898751690044;204;EPCA042504;2030-04-01;15.84400000
28934740000114;7898751690051;0;NWAB012402;2029-01-01;13.05160000
28934740000114;7898751690068;0;DLNA022401;2027-01-01;6.76060000
28934740000114;7898751690068;89;DLNA062501;2030-06-01;6.76060000
28934740000114;7898751690068;0;DNLA022401;2029-02-01;6.76060000
28934740000114;7898751690075;0;2024;2028-06-01;12.04690000
28934740000114;7898751690075;0;NMAB012401;2030-12-30;12.04690000
28934740000114;7898751690075;1;NMAB042503;2035-04-01;12.04690000
28934740000114;7898751690075;181;NMWAB042503;2030-04-01;12.04690000
28934740000114;7898751690075;0;NWAB012401;2029-03-01;12.04690000
28934740000114;7898751690075;0;NWAB042503;2030-06-01;12.04690000
28934740000114;7898751690075;0;NWAB062318;2030-01-01;12.04690000
28934740000114;7898751690082;0;022403;2032-03-02;15.01480000
28934740000114;7898751690082;0;062505;2045-06-01;15.01480000
28934740000114;7898751690082;0;2024;2027-05-01;15.01480000
28934740000114;7898751690082;0;EPACA022403;2027-05-01;15.01480000
28934740000114;7898751690082;0;EPCA022403;2030-02-01;15.01480000
28934740000114;7898751690082;0;EPCA042503;2030-04-01;15.01480000
28934740000114;7898751690082;836;EPCA062505;2029-06-01;15.01480000
28934740000114;7898751690129;0;CGA004;2027-12-01;1.00000000
28934740000114;7898751690136;0;DLNA042403;2029-04-01;10.51640000
28934740000114;7898751690150;0;ANAB021501;2030-02-01;10.23470000
28934740000114;7898751690150;254;ANAB022501;2028-02-01;10.23470000
28934740000114;7898751690150;0;ANAB072;2027-07-01;10.23470000
28934740000114;7898751690150;0;ANAB07240;2027-07-01;10.23470000
28934740000114;7898751690150;0;ANAB072401;2027-07-01;10.23470000
28934740000114;7898751690150;0;AWAB072401;2027-01-07;10.23470000
28934740000114;7898751690150;0;NANB072401;2029-07-01;10.23470000
28934740000114;7898751690396;5;NPAB022501;2030-02-01;12.58210000
28934740000114;7898751690419;0;MPAB0022501;2030-06-01;12.58220000
28934740000114;7898751690419;0;MPAB022501;2030-02-01;12.58220000
28934740000114;7898751690570;92;NWAB102512;2030-10-01;11.40850000
28934740000114;7898751690587;257;DLNA102504;2030-12-01;7.41780000
28934740000114;7898751690624;191;ANAB112502;2030-11-01;11.17370000
28934740000114;7898751690648;111;DLNA122505;2031-02-01;7.41780000
28934740000114;7898751690655;5;NWAB122518;2030-12-01;11.40850000
28934740000114;7898751690679;54;NWAB122509;2029-01-01;12.59150000
28934740000114;7898932370390;0;062218;2030-06-01;24.00000000
28934740000114;7898932370390;0;EAAB062214;2027-06-01;24.00000000
28934740000114;7898932370413;0;062214;2030-06-01;24.04740000
28934740000114;7898932370413;0;EAB72224;2028-07-26;24.04740000
28934740000114;7898932370642;0;EAAB052211;2027-05-10;30.00000000
28934740000114;7898932370659;0;EAAB052212;2027-05-10;30.00000000
28934740000114;7898932370710;0;032304;2028-03-01;10.13150000
28934740000114;7898932370710;0;2023;2026-01-01;10.13150000
28934740000114;7898932370710;0;2024;2027-03-01;10.13150000
28934740000114;7898932370710;0;52317;2028-05-30;10.13150000
28934740000114;7898932370710;0;NWAB;2027-07-01;10.13150000
28934740000114;7898932370710;0;NWAB012301;2028-01-01;10.13150000
28934740000114;7898932370710;0;NWAB012501;2030-01-01;10.13150000
28934740000114;7898932370710;0;NWAB022303;2028-02-01;10.13150000
28934740000114;7898932370710;0;NWAB02235;2027-10-01;10.13150000
28934740000114;7898932370710;0;NWAB042503;2030-04-01;10.13150000
28934740000114;7898932370710;0;NWAB052317;2028-08-01;10.13150000
28934740000114;7898932370710;0;NWAB062215;2027-06-01;10.13150000
28934740000114;7898932370710;0;NWAB062506;2030-06-01;10.13150000
28934740000114;7898932370710;0;NWAB072235;2027-07-26;10.13150000
28934740000114;7898932370710;0;NWAB082416;2029-08-01;10.13150000
28934740000114;7898932370710;772;NWAB6250;2030-06-01;10.13150000
28934740000114;7898932370710;0;NWABO2235;2027-10-01;10.13150000
28934740000114;7898932370710;0;NWT01;2027-07-01;10.13150000
28934740000114;7898932370727;0;022303;2028-02-01;10.13150000
28934740000114;7898932370727;0;2023;2026-01-01;10.13150000
28934740000114;7898932370727;0;2024;2027-03-01;10.13150000
28934740000114;7898932370727;0;NWAABO72235;2027-07-26;10.13150000
28934740000114;7898932370727;0;NWAB;2027-07-01;10.13150000
28934740000114;7898932370727;0;NWAB012301;2028-01-01;10.13150000
28934740000114;7898932370727;0;NWAB012501;2030-01-01;10.13150000
28934740000114;7898932370727;0;NWAB02235;2027-07-01;10.13150000
28934740000114;7898932370727;0;NWAB042503;2030-05-01;10.13150000
28934740000114;7898932370727;0;NWAB052408;2029-03-01;10.13150000
28934740000114;7898932370727;0;NWAB062215;2027-06-01;10.13150000
28934740000114;7898932370727;0;NWAB062319;2028-06-01;10.13150000
28934740000114;7898932370727;113;NWAB062506;2030-06-01;10.13150000
28934740000114;7898932370727;0;NWAB072235;2027-07-26;10.13150000
28934740000114;7898932370727;0;NWAB082416;2029-08-01;10.13150000
28934740000114;7898932370727;0;NWABO123001;2028-01-01;10.13150000
28934740000114;7898932370727;0;NWABO2235;2027-07-26;10.13150000
28934740000114;7898932370727;0;NWABO72235;2027-07-26;10.13150000
28934740000114;7898932370727;0;NWAO12301;2028-01-01;10.13150000
28934740000114;7898932370727;0;NWBO012301;2028-01-01;10.13150000
28934740000114;7898932370727;0;NWBO12301;2028-01-01;10.13150000
28934740000114;7898932370727;0;NWC01;2027-07-01;10.13150000
28934740000114;7898932370734;0;032304;2028-03-01;10.13150000
28934740000114;7898932370734;0;2023;2026-01-01;10.13150000
28934740000114;7898932370734;0;2024;2027-05-01;10.13150000
28934740000114;7898932370734;0;20241;2027-03-01;10.13150000
28934740000114;7898932370734;0;20243;2027-03-01;10.13150000
28934740000114;7898932370734;0;20246;2027-03-01;10.13150000
28934740000114;7898932370734;0;20247;2027-03-01;10.13150000
28934740000114;7898932370734;0;NEAB062506;2030-06-01;10.13150000
28934740000114;7898932370734;0;NMAB42402;2029-04-01;10.13150000
28934740000114;7898932370734;0;NWAB;2027-07-01;10.13150000
28934740000114;7898932370734;0;NWAB012501;2030-01-30;10.13150000
28934740000114;7898932370734;0;NWAB0222303;2028-01-01;10.13150000
28934740000114;7898932370734;0;NWAB02235;2027-07-01;10.13150000
28934740000114;7898932370734;0;NWAB032304;2028-01-01;10.13150000
28934740000114;7898932370734;0;NWAB042406;2027-05-01;10.13150000
28934740000114;7898932370734;0;NWAB042504;2030-04-01;10.13150000
28934740000114;7898932370734;0;NWAB052319;2028-05-01;10.13150000
28934740000114;7898932370734;0;NWAB052408;2029-05-02;10.13150000
28934740000114;7898932370734;0;NWAB062215;2027-06-01;10.13150000
28934740000114;7898932370734;0;NWAB062319;2028-06-01;10.13150000
28934740000114;7898932370734;0;NWAB062506;2030-06-01;10.13150000
28934740000114;7898932370734;0;NWAB072235;2027-07-26;10.13150000
28934740000114;7898932370734;902;NWAB102515;2030-12-01;10.13150000
28934740000114;7898932370734;0;NWAB42504;2030-04-01;10.13150000
28934740000114;7898932370734;0;NWABO2235;2027-07-26;10.13150000
28934740000114;7898932370734;0;NWABO32304;2028-01-01;10.13150000
28934740000114;7898932370734;0;NWBO32304;2028-03-01;10.13150000
28934740000114;7898932370734;0;NWU01;2027-07-01;10.13150000
28934740000114;7898932370802;0;NWAB012501;2030-01-01;13.99060000
28934740000114;7898932370802;0;NWAB052505;2030-05-01;13.99060000
28934740000114;7898932370802;0;NWAB062322;2028-06-01;13.99060000
28934740000114;7898932370802;0;NWABO2236;2027-07-26;13.99060000
28934740000114;7898932370819;0;NWAB051505;2030-05-01;13.99060000
28934740000114;7898932370819;0;NWAB052505;2030-05-01;13.99060000
28934740000114;7898932370819;0;NWAB072236;2027-07-01;13.99060000
28934740000114;7898932370819;0;NWAB102238;2027-10-01;13.99060000
28934740000114;7898932370819;0;NWABO2236;2027-07-26;13.99060000
28934740000114;7898932370826;0;NWAB102238;2027-10-01;13.99060000
28934740000114;7898932370826;0;NWABO2236;2027-07-26;13.99060000
28934740000114;7898932370840;0;052315;2028-05-01;10.90140000
28934740000114;7898932370840;0;2023;2028-01-01;10.90140000
28934740000114;7898932370840;0;2024;2027-03-01;10.90140000
28934740000114;7898932370840;0;ABO052315;2028-05-02;10.90140000
28934740000114;7898932370840;0;ABO05315;2028-05-02;10.90140000
28934740000114;7898932370840;0;NWAB012302;2028-01-01;10.90140000
28934740000114;7898932370840;0;NWAB052315;2028-05-01;10.90140000
28934740000114;7898932370840;0;NWAB062321;2028-06-01;10.90140000
28934740000114;7898932370840;0;NWAB0623321;2028-06-01;10.90140000
28934740000114;7898932370840;0;NWAB062507;2030-06-01;10.90140000
28934740000114;7898932370857;0;052315;2028-05-01;10.90140000
28934740000114;7898932370857;0;2023;2026-01-01;10.90140000
28934740000114;7898932370857;0;2024;2026-04-01;10.90140000
28934740000114;7898932370857;0;2024444;2027-03-01;10.90140000
28934740000114;7898932370857;0;ABO422309;2028-04-04;10.90140000
28934740000114;7898932370857;0;NWAB0062318;2028-06-01;10.90140000
28934740000114;7898932370857;0;NWAB0112302;2028-01-01;10.90140000
28934740000114;7898932370857;0;NWAB012302;2028-01-01;10.90140000
28934740000114;7898932370857;0;NWAB052315;2028-05-01;10.90140000
28934740000114;7898932370857;0;NWAB052316;2028-05-10;10.90140000
28934740000114;7898932370857;0;NWAB062321;2028-06-30;10.90140000
28934740000114;7898932370871;0;082328;2028-08-01;11.77460000
28934740000114;7898932370871;0;2024;2027-05-01;11.77460000
28934740000114;7898932370871;0;20248;2027-03-01;11.77460000
28934740000114;7898932370871;0;NMAB042402;2030-12-30;11.77460000
28934740000114;7898932370871;0;NMAB042501;2035-04-01;11.77460000
28934740000114;7898932370871;0;NMAB07250;2030-06-01;11.77460000
28934740000114;7898932370871;498;NMAB072505;2030-07-01;11.77460000
28934740000114;7898932370871;0;NWA042402;2030-04-01;11.77460000
28934740000114;7898932370871;0;NWAB042312;2028-04-04;11.77460000
28934740000114;7898932370871;0;NWAB042402;2029-03-01;11.77460000
28934740000114;7898932370871;0;NWAB062325;2028-06-01;11.77460000
28934740000114;7898932370871;0;NWAB082328;2028-08-01;11.77460000
28934740000114;7898932370871;0;NWB082328;2028-08-01;11.77460000
28934740000114;7898932370888;0;0;2029-03-01;11.77460000
28934740000114;7898932370888;0;082327;2028-08-01;11.77460000
28934740000114;7898932370888;0;2024;2027-03-01;11.77460000
28934740000114;7898932370888;0;NMAB042403;2030-12-30;11.77460000
28934740000114;7898932370888;1;NMAB042502;2035-04-01;11.77460000
28934740000114;7898932370888;289;NMAB072506;2030-07-01;11.77460000
28934740000114;7898932370888;0;NMAB42403;2029-04-01;11.77460000
28934740000114;7898932370888;0;NWAB042311;2028-04-04;11.77460000
28934740000114;7898932370888;0;NWAB042403;2030-04-01;11.77460000
28934740000114;7898932370888;0;NWAB042502;2030-04-01;11.77460000
28934740000114;7898932370888;0;NWAB062324;2028-06-01;11.77460000
28934740000114;7898932370888;0;NWAB082327;2028-08-01;11.77460000
28934740000114;7898932370901;0;052315;2028-05-01;10.90140000
28934740000114;7898932370901;0;2023;2026-02-01;10.90140000
28934740000114;7898932370901;0;2024;2027-05-01;10.90140000
28934740000114;7898932370901;0;20244;2027-03-01;10.90140000
28934740000114;7898932370901;0;ABO42309;2028-04-04;10.90140000
28934740000114;7898932370901;0;NWAB012302;2028-01-01;10.90140000
28934740000114;7898932370901;0;NWAB052315;2028-05-01;10.90140000
28934740000114;7898932370901;0;NWAB052316;2028-05-10;10.90140000
28934740000114;7898932370901;0;NWAB062321;2028-06-01;10.90140000
28934740000114;7898932370918;0;042310;2028-04-01;11.77460000
28934740000114;7898932370918;0;2024;2027-03-01;11.77460000
28934740000114;7898932370918;0;NMAB042403;2029-05-02;11.77460000
28934740000114;7898932370918;0;NMAB042504;2028-04-01;11.77460000
28934740000114;7898932370918;0;NMAB052405;2030-12-30;11.77460000
28934740000114;7898932370918;264;NMAB072507;2030-04-01;11.77460000
28934740000114;7898932370918;0;NWAB0042504;2030-06-01;11.77460000
28934740000114;7898932370918;0;NWAB042310;2028-04-01;11.77460000
28934740000114;7898932370918;0;NWAB04312;2028-04-04;11.77460000
28934740000114;7898932370918;0;NWAB052405;2029-05-01;11.77460000
28934740000114;7898932370918;0;NWAB05405;2030-05-01;11.77460000
28934740000114;7898932370918;0;NWAB062323;2028-06-16;11.77460000
28934740000114;7898932370918;0;NWB082326;2040-08-30;11.77460000
28934740000114;7898932370925;0;2024;2028-04-01;11.50230000
28934740000114;7898932370925;61;NWAB062318;2028-06-01;11.50230000
28934740000114;7898932370925;0;NWAB062411;2030-04-01;11.50230000
28934740000114;7898932370932;0;2024;2028-06-01;11.50230000
28934740000114;7898932370932;0;NNWAB042502;2030-04-01;11.50230000
28934740000114;7898932370932;0;NWAB042502;2030-06-01;11.50230000
28934740000114;7898932370932;0;NWAB062318;2030-04-01;11.50230000
28934740000114;7898932370932;0;NWAB062411;2029-06-13;11.50230000
28934740000114;7898932370932;54;NWAB082511;2030-12-01;11.50230000
28934740000114;7898932370949;0;2024;2028-04-01;12.58220000
28934740000114;7898932370949;0;NWAB042502;2030-04-01;12.58220000
28934740000114;7898932370949;0;NWAB062311;2029-06-01;12.58220000
28934740000114;7898932370949;0;NWAB062411;2029-07-24;12.58220000
28934740000114;7898932370956;26;CECB062219;2028-06-24;24.04700000
28934740000114;7898932370987;328;DLNA022402;2029-01-01;9.10800000
28934740000114;7898932370994;0;DLNA022400;2029-02-01;9.10800000
28934740000114;7898932370994;349;DLNA022402;2027-02-01;9.10800000
28934740000114;7898939210682;0;172/24;2026-06-01;5.90000000
28934740000114;7898939210682;0;172/24A;2026-06-30;5.90000000
28934740000114;7898939210682;0;173/24;2026-06-01;5.90000000
28934740000114;7898939210682;0;173/24 B;2026-06-21;5.90000000
28934740000114;7898939210682;0;173/24B;2026-06-21;5.90000000
28934740000114;7898952601092;0;1092040324;2026-02-06;9.80000000
28934740000114;7898952601092;0;1092050624;2026-05-16;9.80000000
28934740000114;7898952601092;853;1092060525;2027-03-31;9.80000000
28934740000114;7898952601092;0;109206525;2027-03-01;9.80000000
28934740000114;7898952601092;0;1092140425;2027-03-31;9.80000000
28934740000114;7898952601092;0;1092180225;2027-01-09;9.80000000
28934740000114;7898952601092;0;1092200924;2026-09-06;9.80000000
28934740000114;7898952601092;0;1092230424;2026-04-12;9.80000000
28934740000114;7898952601092;0;1092230924;2026-09-06;9.80000000
28934740000114;7898952601092;0;1092280225;2027-02-14;9.80000000
28934740000114;7898952601092;0;1092300824;2026-08-21;9.80000000
28934740000114;7898952601184;0;1184040324;2026-01-07;8.63000000
28934740000114;7898952601184;0;1184091224;2026-06-07;8.63000000
28934740000114;7898952601184;0;1184220424;2026-04-01;8.63000000
28934740000114;7898952601184;0;1184250424;2026-01-07;8.63000000
28934740000114;7898952601184;0;1184300425;2026-06-30;8.63000000
28934740000114;7898952601184;0;25090547;2026-06-15;8.63000000
28934740000114;7898952601191;88;25120963;2027-06-06;7.94000000
28934740000114;7898952601221;0;1221150125;2026-06-30;14.84000000
28934740000114;7898952601221;27;25120955;2027-05-27;14.84000000
28934740000114;7898952601252;0;1252050724;2026-07-05;6.65000000
28934740000114;7898952601252;0;1252180325;2027-03-18;6.65000000
28934740000114;7898952601252;0;1252210624;2026-06-21;6.65000000
28934740000114;7898952601252;0;1252260424;2026-04-26;6.65000000
28934740000114;7898952601252;0;1252270225;2027-02-27;6.65000000
28934740000114;7898952601252;0;1252270924;2026-09-27;6.65000000
28934740000114;7898952601252;0;1252310524;2026-05-31;6.65000000
28934740000114;7898952601252;0;25060130;2027-06-24;6.65000000
28934740000114;7898952601252;0;25070174;2027-07-31;6.65000000
28934740000114;7898952601252;0;25100631;2027-10-08;6.65000000
28934740000114;7898952601252;0;26030109;2028-03-10;6.65000000
28934740000114;7898952601573;0;25060115;2026-12-31;11.73000000
28934740000114;7898952601573;84;25090508;2027-03-17;11.73000000
63400543000116;7898751690013;146;NWAB012404;2029-01-01;14.92960000
63400543000116;7898751690037;104;EPCA022401;2030-02-01;17.67020000
63400543000116;7898751690044;126;EPCA022402;2040-02-01;17.67020000
63400543000116;7898751690044;0;EPCA0224022;2040-02-28;17.67020000
63400543000116;7898751690051;172;NWAB012402;2029-01-01;14.92960000
63400543000116;7898751690068;0;DLNA022401;2029-02-01;7.41780000
63400543000116;7898751690068;0;DLWA022401;2029-02-28;7.41780000
63400543000116;7898751690075;0;NMAB012401;2030-01-01;13.05160000
63400543000116;7898751690075;41;NMAB042503;2040-04-30;13.05160000
63400543000116;7898751690082;0;EPCA022403;2040-02-28;16.68310000
63400543000116;7898751690082;0;EPCA042503;2040-04-30;16.68310000
63400543000116;7898751690082;950;EPCA062505;2040-07-31;16.68310000
63400543000116;7898751690129;19;CGA004;2027-12-31;59.00000000
63400543000116;7898751690150;35;ANAB0122501;2028-02-28;10.51640000
63400543000116;7898751690150;0;ANAB02250104;2028-02-28;10.51640000
63400543000116;7898751690150;0;ANAB072401;2027-07-01;10.51640000
63400543000116;7898932370390;0;EAAB062214;2027-06-01;23.99970800
63400543000116;7898932370390;0;EAAB062216;2027-06-01;23.99970800
63400543000116;7898932370390;0;EAAB072221;2027-07-01;23.99970800
63400543000116;7898932370642;0;EAAB052212;2027-05-10;23.99937500
63400543000116;7898932370642;0;EAAB092229;2030-09-28;23.99937500
63400543000116;7898932370659;0;EAAB052211;2027-05-10;23.99937500
63400543000116;7898932370659;0;EAAB092228;2030-09-27;23.99937500
63400543000116;7898932370710;0;NWAB012301;2028-01-01;12.11270000
63400543000116;7898932370710;0;NWAB042313;2028-04-12;12.11270000
63400543000116;7898932370710;0;NWAB042503;2030-04-30;12.11270000
63400543000116;7898932370710;25;NWAB062506;2030-06-30;12.11270000
63400543000116;7898932370710;0;NWAB072230;2027-07-01;12.11270000
63400543000116;7898932370710;0;NWAB072231;2027-07-01;12.11270000
63400543000116;7898932370710;0;NWAB072232;2027-07-01;12.11270000
63400543000116;7898932370710;0;NWAB072235;2027-07-01;12.11270000
63400543000116;7898932370710;0;NWAB082416;2029-08-31;12.11270000
63400543000116;7898932370710;0;NWAB102237;2027-10-01;12.11270000
63400543000116;7898932370727;0;NWAB012301;2028-01-01;1.00000000
63400543000116;7898932370727;19;NWAB012501;2030-01-31;1.00000000
63400543000116;7898932370727;0;NWAB052314;2028-05-13;1.00000000
63400543000116;7898932370727;0;NWAB052408;2029-05-01;1.00000000
63400543000116;7898932370727;0;NWAB072230;2027-07-01;1.00000000
63400543000116;7898932370727;0;NWAB072231;2027-07-01;1.00000000
63400543000116;7898932370727;0;NWAB072232;2027-07-01;1.00000000
63400543000116;7898932370727;0;NWAB072235;2027-07-01;1.00000000
63400543000116;7898932370727;0;NWAB082416;2029-08-01;1.00000000
63400543000116;7898932370727;0;NWAB102237;2027-10-01;1.00000000
63400543000116;7898932370734;0;NWAB022303;2028-02-01;12.11270000
63400543000116;7898932370734;0;NWAB042313;2028-04-12;12.11270000
63400543000116;7898932370734;0;NWAB042504;2028-04-30;12.11270000
63400543000116;7898932370734;0;NWAB052408;2029-05-01;12.11270000
63400543000116;7898932370734;0;NWAB062506;2030-06-30;12.11270000
63400543000116;7898932370734;0;NWAB0722231;2027-07-01;12.11270000
63400543000116;7898932370734;0;NWAB072230;2027-07-01;12.11270000
63400543000116;7898932370734;0;NWAB072232;2027-07-01;12.11270000
63400543000116;7898932370734;0;NWAB072235;2027-07-01;12.11270000
63400543000116;7898932370734;0;NWAB082416;2029-08-31;12.11270000
63400543000116;7898932370734;0;NWAB102237;2027-10-01;12.11270000
63400543000116;7898932370734;0;NWB072235;2027-07-01;12.11270000
63400543000116;7898932370802;19;NWAB072236;2027-07-01;16.71430556
63400543000116;7898932370819;73;NWAB052505;2030-05-31;13.05160000
63400543000116;7898932370819;0;NWAB072236;2027-07-01;13.05160000
63400543000116;7898932370826;154;NWAB072236;2027-07-01;16.71429167
63400543000116;7898932370840;0;NWAB012302;2028-01-01;12.11270000
63400543000116;7898932370840;0;NWAB052315;2028-05-01;12.11270000
63400543000116;7898932370840;0;NWAB052316;2028-05-01;12.11270000
63400543000116;7898932370840;74;NWAB062507;2030-06-30;12.11270000
63400543000116;7898932370840;0;NWAD062321;2028-06-30;12.11270000
63400543000116;7898932370857;0;NWAB012302;2028-01-01;12.11270000
63400543000116;7898932370857;0;NWAB052315;2028-05-01;12.11270000
63400543000116;7898932370857;14;NWAB052316;2028-05-31;12.11270000
63400543000116;7898932370857;0;NWAB062321;2028-06-30;12.11270000
63400543000116;7898932370871;0;NMAB042402;2030-04-01;13.05160000
63400543000116;7898932370871;0;NMAB042501;2040-04-30;13.05160000
63400543000116;7898932370871;0;NWAB02305;2030-06-01;13.05160000
63400543000116;7898932370871;0;NWAB042312;2030-04-11;13.05160000
63400543000116;7898932370888;0;NMAB042403;2030-04-01;13.05160000
63400543000116;7898932370888;0;NWAB042311;2030-04-10;13.05160000
63400543000116;7898932370888;68;NWAB042502;2040-04-30;13.05160000
63400543000116;7898932370888;0;NWAB062324;2030-06-01;13.05160000
63400543000116;7898932370901;0;NWAB012302;2028-01-01;12.11270000
63400543000116;7898932370901;0;NWAB052315;2028-05-01;12.11270000
63400543000116;7898932370901;92;NWAB052316;2028-05-01;12.11270000
63400543000116;7898932370918;0;NWAB042310;2030-04-01;13.07980000
63400543000116;7898932370932;86;NWAB042502;2030-04-30;13.05160000
63400543000116;7898932370932;0;NWAB062318;2028-06-01;13.05160000
63400543000116;7898932370949;23;NWAB042502;2030-04-30;13.05160000
63400543000116;7898932370949;0;NWAB062318;2028-06-01;13.05160000
63400543000116;7898932370956;0;CECB062219;2030-09-01;24.04700000
63400543000116;7898932370987;0;DLNA022402;2029-02-28;1.00000000
63400543000116;7898932370994;0;DLNA022404;2029-02-28;8.35680000
63400543000116;7898932370994;0;DLNA02402;2029-02-28;8.35680000
63400543000116;7898939210682;0;17224;2028-06-30;1.00000000
63400543000116;7898939210682;0;17224A;2026-06-30;1.00000000
63400543000388;7898623354852;0;24080089;2026-04-30;0E-8
63400543000388;7898751690112;50;CGA004;2027-12-01;4.95000000
63400543000388;7898751690129;49;CGA004;2027-12-01;56.00000000
63400543000388;7898751690549;54;CGA049;2028-11-01;5.80000000
63400543000469;7898751690006;111;NWAB012403;2030-09-01;9.67140000
63400543000469;7898751690013;28;NWAB012404;2030-01-30;11.94370000
63400543000469;7898751690037;0;EPCA022401;2029-04-01;15.00490000
63400543000469;7898751690037;0;EPCA02401;2030-03-01;15.00490000
63400543000469;7898751690037;0;EPCA042502;2050-04-04;15.00490000
63400543000469;7898751690044;0;EPCA022402;2030-05-01;15.00490000
63400543000469;7898751690044;105;EPCA042504;2030-04-01;15.00490000
63400543000469;7898751690051;47;NWAB012402;2029-01-01;11.92490000
63400543000469;7898751690051;0;NWAB012404;2029-01-30;11.92490000
63400543000469;7898751690051;0;NWAB12402;2029-01-01;11.92490000
63400543000469;7898751690068;0;DLNA022401;2029-01-30;7.41780000
63400543000469;7898751690068;20;DLNA062501;2030-06-03;7.41780000
63400543000469;7898751690068;0;DLNA06501;2030-05-01;7.41780000
63400543000469;7898751690068;150;DNLA022401;2031-02-01;7.41780000
63400543000469;7898751690068;0;NWAB052408;2029-05-01;7.41780000
63400543000469;7898751690075;0;NMAB012401;2029-03-01;11.64320000
63400543000469;7898751690075;2;NWAB042503;2035-04-03;11.64320000
63400543000469;7898751690075;0;NWAV042503;2030-04-01;11.64320000
63400543000469;7898751690082;0;EPCA022403;2030-05-01;15.00490000
63400543000469;7898751690082;0;EPCA042503;2035-04-03;15.00490000
63400543000469;7898751690082;0;EPCA062505;2030-05-01;15.00490000
63400543000469;7898751690150;0;ANAB022501;2028-02-01;10.51640000
63400543000469;7898751690150;0;ANAB072401;2027-07-01;10.51640000
63400543000469;7898932370710;0;NWAB012501;2030-01-01;9.67140000
63400543000469;7898932370710;0;NWAB022303;2028-02-28;9.67140000
63400543000469;7898932370710;0;NWAB042308;2028-04-30;9.67140000
63400543000469;7898932370710;0;NWAB042313;2028-04-30;9.67140000
63400543000469;7898932370710;0;NWAB042501;2030-04-01;9.67140000
63400543000469;7898932370710;157;NWAB042503;2050-04-01;9.67140000
63400543000469;7898932370710;0;NWAB052316;2028-05-01;9.67140000
63400543000469;7898932370710;0;NWAB052408;2029-05-01;9.67140000
63400543000469;7898932370710;0;NWAB072227;2027-07-01;9.67140000
63400543000469;7898932370710;0;NWAB072235;2027-07-01;9.67140000
63400543000469;7898932370710;0;NWAB102237;2027-10-01;9.67140000
63400543000469;7898932370727;0;NWAB012301;2028-01-30;9.67140000
63400543000469;7898932370727;0;NWAB012501;2030-01-01;9.67140000
63400543000469;7898932370727;0;NWAB022303;2028-02-28;9.67140000
63400543000469;7898932370727;0;NWAB02235;2027-07-01;9.67140000
63400543000469;7898932370727;0;NWAB042053;2030-04-01;9.67140000
63400543000469;7898932370727;0;NWAB052314;2028-05-30;9.67140000
63400543000469;7898932370727;0;NWAB052317;2028-05-11;9.67140000
63400543000469;7898932370727;0;NWAB052408;2029-05-01;9.67140000
63400543000469;7898932370727;1;NWAB062506;2030-06-02;9.67140000
63400543000469;7898932370727;0;NWAB072227;2027-07-01;9.67140000
63400543000469;7898932370727;0;NWAB072235;2027-07-01;9.67140000
63400543000469;7898932370727;0;NWAB082416;2029-08-01;9.67140000
63400543000469;7898932370727;0;NWAB102237;2027-10-01;9.67140000
63400543000469;7898932370734;0;NWAB012501;2030-01-01;9.67140000
63400543000469;7898932370734;0;NWAB022303;2028-02-28;9.67140000
63400543000469;7898932370734;0;NWAB032304;2028-03-30;9.67140000
63400543000469;7898932370734;0;NWAB042313;2028-04-30;9.67140000
63400543000469;7898932370734;0;NWAB052314;2028-05-30;9.67140000
63400543000469;7898932370734;0;NWAB062501;2030-06-01;9.67140000
63400543000469;7898932370734;0;NWAB062506;2030-06-01;9.67140000
63400543000469;7898932370734;0;NWAB072228;2027-07-01;9.67140000
63400543000469;7898932370734;0;NWAB072235;2027-07-01;9.67140000
63400543000469;7898932370734;0;NWAB102237;2027-10-01;9.67140000
63400543000469;7898932370734;0;NWABO2235;2027-07-26;9.67140000
63400543000469;7898932370734;0;NWABO72235;2027-07-26;9.67140000
63400543000469;7898932370802;120;NWAB012501;2030-07-01;13.99060000
63400543000469;7898932370802;2;NWAB062322;2028-06-01;13.99060000
63400543000469;7898932370802;0;NWAB072236;2027-07-01;13.99060000
63400543000469;7898932370819;0;*;2027-04-01;11.19250000
63400543000469;7898932370819;0;NWAB072236;2027-07-01;11.19250000
63400543000469;7898932370819;0;NWAB102238;2027-04-01;11.19250000
63400543000469;7898932370826;0;NWAB072236;2027-07-01;11.19250000
63400543000469;7898932370826;0;NWAB102238;2027-10-01;11.19250000
63400543000469;7898932370840;0;NWAB012302;2028-01-30;9.67140000
63400543000469;7898932370840;0;NWAB052315;2028-05-30;9.67140000
63400543000469;7898932370840;0;NWAB05316;2028-05-01;9.67140000
63400543000469;7898932370840;0;NWAB062321;2028-06-01;9.67140000
63400543000469;7898932370840;0;NWAB062507;2030-06-02;9.67140000
63400543000469;7898932370857;0;DLNA022401;2029-02-01;9.67140000
63400543000469;7898932370857;0;NWAB012302;2028-01-30;9.67140000
63400543000469;7898932370857;0;NWAB042309;2028-04-30;9.67140000
63400543000469;7898932370857;0;NWAB052315;2028-05-02;9.67140000
63400543000469;7898932370857;0;NWAB052316;2028-05-30;9.67140000
63400543000469;7898932370857;120;NWAB062321;2030-06-23;9.67140000
63400543000469;7898932370871;0;NMABO42402;2027-04-04;11.64320000
63400543000469;7898932370871;0;NMAW042402;2029-04-01;11.64320000
63400543000469;7898932370871;0;NWAB042312;2029-04-30;11.64320000
63400543000469;7898932370871;0;NWAB042501;2050-04-01;11.64320000
63400543000469;7898932370871;0;NWAB062325;2030-12-16;11.64320000
63400543000469;7898932370871;0;NWAB06325;2030-12-31;11.64320000
63400543000469;7898932370871;0;NWAB082326;2030-01-30;11.64320000
63400543000469;7898932370871;0;NWAB08328;2028-08-01;11.64320000
63400543000469;7898932370888;0;22292;2030-01-30;11.64320000
63400543000469;7898932370888;0;NMAB042403;2029-04-01;11.64320000
63400543000469;7898932370888;0;NMAB042502;2030-04-01;11.64320000
63400543000469;7898932370888;0;NWAB042311;2029-04-30;11.64320000
63400543000469;7898932370888;0;NWAB042403;2030-01-01;11.64320000
63400543000469;7898932370888;2;NWAB042502;2030-05-01;11.64320000
63400543000469;7898932370888;0;NWAB0622324;2028-06-16;11.64320000
63400543000469;7898932370888;0;NWAB062324;2028-12-30;11.64320000
63400543000469;7898932370888;0;NWAB082327;2030-01-30;11.64320000
63400543000469;7898932370888;0;NWAB42403;2030-09-01;11.64320000
63400543000469;7898932370901;0;NWAB012302;2028-01-30;9.67140000
63400543000469;7898932370901;0;NWAB042309;2028-04-30;9.67140000
63400543000469;7898932370901;0;NWAB052315;2028-05-02;9.67140000
63400543000469;7898932370901;0;NWAB052316;2028-05-01;9.67140000
63400543000469;7898932370901;98;NWAB062321;2028-06-01;9.67140000
63400543000469;7898932370918;0;NMAB042502;2030-04-01;11.64320000
63400543000469;7898932370918;0;NMAB052405;2029-05-02;11.64320000
63400543000469;7898932370918;0;NWAB042310;2029-04-30;11.64320000
63400543000469;7898932370918;0;NWAB052405;2030-05-01;11.64320000
63400543000469;7898932370918;0;NWAB062323;2030-12-31;11.64320000
63400543000469;7898932370987;174;DLNA022401;2030-02-01;8.35680000
63400543000469;7898932370987;0;DLNA022402;2029-09-01;8.35680000
63400543000469;7898932370994;0;DLNA022401;2030-05-01;8.35680000
63400543000469;7898932370994;156;DLNA022402;2029-02-28;8.35680000
63400543000469;7898939210682;0;173/24;2026-06-22;5.90000000
63400543000469;7898939210682;0;174/24A;2026-06-01;5.90000000
